{"cameraMode":{"drawMode":0,"name":"Shaded","section":"Shading Mode"},"sceneLighting":false,"audioPlay":false,"sceneViewState":{"m_AlwaysRefresh":false,"showFog":true,"showSkybox":true,"showFlares":true,"showImageEffects":true,"showParticleSystems":true,"showVisualEffectGraphs":true,"m_FxEnabled":true},"in2DMode":false,"pivot":{"x":7.125255584716797,"y":33.839195251464847,"z":110.65752410888672},"rotation":{"x":0.057481128722429278,"y":0.9016614556312561,"z":-0.40950310230255129,"w":0.12660062313079835},"size":-10.475542068481446,"orthographic":false}